no_agents,time_taken_avg,time_taken_var,tasks_completed_avg,tasks_completed_var
1,0.15732733011245728,0.005388727887300748,18.9,8.39
2,0.25078645944595335,0.000941725000667901,36.3,27.409999999999997
5,0.5367655396461487,0.005774129833834395,89.15,161.92749999999998
10,0.9882101655006409,0.016373040863216344,166.55,619.3475000000001
15,1.4965031027793885,0.18583575411045375,214.25,2465.6875
20,1.8182973980903625,0.23189016388326694,236.8,3373.56
