no_agents,time_taken_avg,time_taken_var,tasks_completed_avg,tasks_completed_var
1,0.46942113637924193,0.00889330341153979,7.25,1.4875
2,0.8388628840446473,0.006835714283320584,14.5,3.45
5,2.0940396785736084,0.01670413253435754,34.75,9.4875
10,4.041190171241761,0.02603790034089513,69.6,10.939999999999998
15,5.825139403343201,0.04515825074211364,102.0,13.7
20,7.662698233127594,0.07705372090940316,129.25,14.0875
