no_timesteps,time_taken_avg,time_taken_var,tasks_completed_avg,tasks_completed_var
100,0.14256922006607056,0.0007153753713525647,14.9,5.59
200,0.22385144233703613,0.001610055325539861,33.9,14.089999999999998
300,0.3583902597427368,0.0056657451580980475,48.1,85.89
400,0.45563416481018065,0.004613998963387758,69.95,90.94750000000002
500,0.5295356392860413,0.003637094973126266,90.3,92.80999999999997
