no_timesteps,time_taken_avg,time_taken_var,tasks_completed_avg,tasks_completed_var
100,0.5107342362403869,0.009609526482951622,4.95,1.8474999999999997
200,0.8901220321655273,0.012210062888029826,12.35,2.3274999999999997
300,1.2832661628723145,0.016437275294358643,20.05,1.9474999999999998
400,1.7555060625076293,0.020646861508094506,27.1,3.6900000000000004
500,2.141375207901001,0.020601495425202072,34.95,5.5475
